,,Normal,Attack
total_bytes,mean,725.2403,138392.4608
total_bytes,std,1065.6452,9909352.0966
total_bytes,median,85.0,317.0
bytes_per_packet,mean,725.2403,138221.6461
bytes_per_packet,std,1065.6452,9909354.4701
bytes_per_packet,median,85.0,171.0
proto_TCP,mean,0.3113,0.634
proto_TCP,std,0.4631,0.4817
proto_TCP,median,0.0,1.0
dest_port_clean,mean,160.6604,1767.3615
dest_port_clean,std,191.1073,3296.7621
dest_port_clean,median,53.0,123.0
flow_bytes_toserver,mean,223.1986,138251.0529
flow_bytes_toserver,std,238.3836,9909335.1511
flow_bytes_toserver,median,85.0,245.0
flow_bytes_toclient,mean,502.0417,141.4079
flow_bytes_toclient,std,867.0766,2735.8404
flow_bytes_toclient,median,0.0,0.0
avg_bytes_toserver_per_pkt,mean,223.1986,138135.6261
avg_bytes_toserver_per_pkt,std,238.3836,9909336.7543
avg_bytes_toserver_per_pkt,median,85.0,165.0
total_packets,mean,1.0,2.0402
total_packets,std,0.0,2.1114
total_packets,median,1.0,1.0
