feature,importance
total_bytes,0.138789364253015
bytes_per_packet,0.13457959480885626
proto_TCP,0.1168926836167368
dest_port_clean,0.11294469378866083
flow_bytes_toserver,0.09668102572531495
flow_bytes_toclient,0.09546597164727413
avg_bytes_toserver_per_pkt,0.07231706346225403
total_packets,0.059488182534190866
proto_UDP,0.046640639420254565
src_port_clean,0.0335929189261763
flow_pkts_toserver,0.02210130611610922
is_ephemeral_src_port,0.01378976774456813
is_well_known_port,0.012868652342804925
proto_ICMP,0.011438215194238068
has_ports,0.009663499366298614
hour_of_day,0.007526103485039484
flow_pkts_toclient,0.004862203859576938
day_of_week,0.004719983254594011
pkt_asymmetry_ratio,0.004252389074392245
is_weekend,0.0006236379219218924
iface_eth0,0.0004173476257596939
iface_ens192,0.0003447558319630164
