feature,normal_mean,normal_median,normal_std,attack_mean,attack_median,attack_std
Source Port,39861.606,51529.0,24050.8395,46812.1602,48132.0,10550.5978
Destination Port,9341.2868,80.0,19685.7165,2673.8734,80.0,8498.5568
Total Fwd Packets,17.7701,2.0,1437.9564,4.0321,3.0,3.6915
Total Backward Packets,21.9725,2.0,1946.0003,3.2925,1.0,3.8451
Total Length of Fwd Packets,691.2111,66.0,8939.9006,175.4398,26.0,659.8737
Total Length of Bwd Packets,39568.6719,129.0,4241533.7834,5134.4109,6.0,5765.1079
total_packets,39.7426,4.0,3383.5767,7.3246,5.0,7.0375
total_bytes,40259.883,218.0,4248277.2658,5309.8508,30.0,5965.3917
bytes_per_packet,116.1897,63.0,195.2896,472.4828,6.0,551.4759
packet_asymmetry_ratio,1.4966,1.0,4.2823,1.553,1.0,1.2338
hour_of_day,6.2579,4.0,3.9307,6.2223,4.0,3.6609
day_of_week,1.914,2.0,1.4253,3.0176,4.0,1.0385
